transaction_id,timestamp,amount,category,location,merchant_id,client_id,prediction_score,is_alerted,model_version
df07e0f4c23438cfa98e38a9f35f52b7_1774286349,2026-03-23 17:19:09.957678,1.5,shopping_net,"Thomas, WV","fraud_Stanton, Jakubowski and Baumbach",630424987505,,,
9336751a6476a386f34d800236ffadc7_1774286348,2026-03-23 17:19:08.937889,38.07,personal_care,"Eldridge, AL",fraud_Wilkinson LLC,4067137330196900,,,
b04e440c0c0f2fb1e59fdf68ebcfa050_1774286347,2026-03-23 17:19:07.707514,18.39,food_dining,"Princeton, IA",fraud_Abernathy and Sons,4423489490781412,,,
b114679741fb68fd8afcbd772794e329_1774286346,2026-03-23 17:19:06.826943,97.32,kids_pets,"Randolph, OH",fraud_Bode-Schuster,2248348993063230,,,
56f7f1ccfddef4139e4588ee448a3f1d_1774286345,2026-03-23 17:19:05.710398,6.94,misc_pos,"Glade Spring, VA",fraud_Schmeler Inc,4653178848915023204,,,
31f422dbb639ebf50b363b0835002677_1774286290,2026-03-23 17:18:10.266177,74.57,gas_transport,"Great Mills, MD",fraud_Kuvalis Ltd,4292743669224718067,,,
19454c851b4c8c5f96b9f7b12ace7b19_1774286288,2026-03-23 17:18:08.934777,22.06,entertainment,"Veedersburg, IN",fraud_Cummerata-Hilpert,4306586894261180,,,
169fd965e8d5400fb44790b74a33aa02_1774286287,2026-03-23 17:18:07.804059,20.93,home,"Mansfield, OH",fraud_Collier LLC,4550599031376731,,,
86fb15198225248d19f88f37bfc19167_1774286286,2026-03-23 17:18:06.487765,135.17,entertainment,"Rock Springs, WY",fraud_Upton PLC,213157767990030,,,
f14e5ae47d8152172363709788ef0b6b_1774286285,2026-03-23 17:18:05.519213,55.4,gas_transport,"West Palm Beach, FL","fraud_Olson, Becker and Koch",676245600876,,,
7610b88d9f9d6a0af0cd0826cd48fb6d_1774286229,2026-03-23 17:17:09.664374,119.27,grocery_pos,"Harrodsburg, IN",fraud_Pacocha-O'Reilly,4839615922685395,,,
64e96f905c9ce8a52227cc0e6cae5734_1774286228,2026-03-23 17:17:08.487937,3.74,personal_care,"University, MS",fraud_Dickinson Ltd,3575540972310993,,,
4d928332bb414f05736dd16d9ffb00aa_1774286227,2026-03-23 17:17:07.671370,40.37,misc_pos,"Littleton, CO",fraud_Bruen-Yost,6011893664860915,,,
5a5a8db2cf7f2d86fa35114a841092b5_1774286226,2026-03-23 17:17:06.786387,20.87,food_dining,"Tallmansville, WV",fraud_Weber and Sons,375248307838179,,,
0a1a2f44417682c0dd2ab062c7d02aaf_1774286225,2026-03-23 17:17:05.484717,8.46,misc_pos,"Ratcliff, TX",fraud_Gislason Group,4128730454058057622,,,
487421f42f4215633ca44c49691d3783_1774286170,2026-03-23 17:16:10.762614,2.58,shopping_net,"Ironton, OH",fraud_Ankunding LLC,4806443445305,,,
2a960edcf4fae44ced34c94615ab3f34_1774286169,2026-03-23 17:16:09.949080,94.95,grocery_pos,"Beasley, TX",fraud_Barton Inc,373043435942726,,,
52886aedfa904dc9ccec98e5b7d17caf_1774286168,2026-03-23 17:16:08.946025,77.63,entertainment,"Grand Junction, TN",fraud_Johns-Hoeger,3587044315915002,,,
4a01dadb2195184ec5982059a74e6cc4_1774286167,2026-03-23 17:16:07.695838,4.24,misc_pos,"Carlisle, IN",fraud_Howe Ltd,3565423334076143,,,
95711be7c44f8162dcbccb8faebef6d4_1774286166,2026-03-23 17:16:06.735578,17.58,health_fitness,"Oolitic, IN",fraud_Roob-Okuneva,4797297220948468262,,,
d170a1ccfc56b31efde179584085b18e_1774286111,2026-03-23 17:15:11.740943,56.7,home,"Garrattsville, NY",fraud_Champlin and Sons,502012776709,,,
c3e07ad3f942b93c263d406b74079c65_1774286110,2026-03-23 17:15:10.140246,14.15,food_dining,"Prairie Hill, TX",fraud_Kuphal-Toy,3546897637165774,,,
a9023afb2fc0859615f6f5a8b56cbbe8_1774286108,2026-03-23 17:15:08.684758,80.57,gas_transport,"Marienville, PA","fraud_Robel, Cummerata and Prosacco",30343344410970,,,
60398fe7897cd8916bf89a2ea81d347a_1774286107,2026-03-23 17:15:07.596962,31.07,grocery_pos,"Keller, TX",fraud_Strosin-Cruickshank,4102003771126577611,,,
f9154c2cb1df2e3bb2b5708138e6b88e_1774286106,2026-03-23 17:15:06.010625,80.44,grocery_pos,"Redford, MO",fraud_Bauch-Raynor,377026671291680,,,
337d08a36ec46a39d90fcf8aa54d8fd7_1774286050,2026-03-23 17:14:10.446898,27.45,grocery_net,"Philadelphia, PA",fraud_Hintz-Bruen,3583635130604947,,,
17cc2519b3419f6c408f2cadc62138d1_1774286049,2026-03-23 17:14:09.426573,74.46,gas_transport,"Moriarty, NM",fraud_Marks Inc,4561546772499,,,
c2aca718751459c65367c73f53a61e21_1774286048,2026-03-23 17:14:08.486384,3.07,travel,"Stillwater, OK",fraud_Kessler Group,3554849923339851,,,
6f91fae4180cd4a9773e007ee71bd019_1774286047,2026-03-23 17:14:07.287616,5.06,entertainment,"Centerview, MO","fraud_Schaefer, Fay and Hilll",3575789281659026,,,
103d40b6b6a7c64071aaeac92caacf36_1774286045,2026-03-23 17:14:05.897435,65.25,health_fitness,"Ruth, NV",fraud_Fadel-Hilpert,6511349151405438,,,
72b6326be35e804576fafbcf9bc7c6ed_1774285992,2026-03-23 17:13:12.247377,65.02,entertainment,"Lithopolis, OH",fraud_Goldner-Lemke,3557442674264531,,,
a8315ea374188a13239bb0be227749c9_1774285991,2026-03-23 17:13:11.314721,84.68,gas_transport,"Tekoa, WA",fraud_Cummerata-Jones,3500969075198072,,,
4e51b9c9c774d5d853aaff915c62249c_1774285989,2026-03-23 17:13:09.865405,72.87,entertainment,"Browning, MO",fraud_Thiel-Thiel,30328384440870,,,
e7e96ff065e38d4c968ec7bb2400114b_1774285988,2026-03-23 17:13:08.017693,9.47,misc_pos,"Altair, TX","fraud_Yost, Block and Koepp",676195318214,,,
683f66ca493fe24a026d1e82be231285_1774285986,2026-03-23 17:13:06.750727,71.71,gas_transport,"San Antonio, TX",fraud_Berge LLC,503874407318,,,
b3259d9152042831cb9f47eaefdd387a_1774285933,2026-03-23 17:12:13.210365,3.43,misc_net,"Elberta, MI",fraud_Kunde-Sanford,571365235126,,,
70e6de972c9538aa05f2e48c764aead3_1774285931,2026-03-23 17:12:11.771521,102.53,food_dining,"Philadelphia, PA",fraud_Weber and Sons,6592074504369261,,,
c23d395e748f38187b6496550b013249_1774285930,2026-03-23 17:12:10.819663,107.76,home,"Westport, KY",fraud_Ernser-Feest,2242542703101233,,,
fa2f01f8261df30c080db395bb91f561_1774285929,2026-03-23 17:12:09.636129,17.89,personal_care,"Ruckersville, VA","fraud_Nienow, Barrows and Romaguera",4099707841315751,,,
e38c1f0f87f8c3beb314d06fd207d4bd_1774285928,2026-03-23 17:12:08.069449,10.12,home,"Mountain Park, OK",fraud_Botsford and Sons,4155021259183870,,,
f242bed900f730a93a74685ffe841f10_1774285870,2026-03-23 17:11:10.499542,109.87,entertainment,"Sachse, TX",fraud_Abshire PLC,4755696071492,,,
86c5e59d4e53bd99e390b206fb1422f1_1774285869,2026-03-23 17:11:09.412312,37.47,kids_pets,"Lubbock, TX","fraud_Romaguera, Wehner and Tromp",371284424780634,,,
bd2d9b058b79abe18b5dfd2dc03f1ae3_1774285868,2026-03-23 17:11:08.456761,19.62,food_dining,"Paint Rock, AL","fraud_Graham, Hegmann and Hammes",30150717898388,,,
528604db32dc1eaa485d7ea8c0a414fc_1774285867,2026-03-23 17:11:07.572290,217.02,grocery_pos,"Kilgore, TX",fraud_Vandervort-Funk,4089096483689733451,,,
31842d180d3453a5a8e85f33a835c507_1774285866,2026-03-23 17:11:06.352580,2.45,food_dining,"Bowdoin, ME","fraud_McCullough, Hudson and Schuster",2720433095629877,,,
df57e79b199842c2b422d2cbd5d47960_1774285832,2026-03-23 17:10:32.212428,3.68,shopping_pos,"Stanchfield, MN",fraud_Metz-Boehm,6011693194885790,,,
8ffa9afa1690cd1c8ff9035a195fc10f_1774285831,2026-03-23 17:10:31.310195,75.72,health_fitness,"Atlantic, VA","fraud_Hills, Hegmann and Schaefer",4446368897795790,,,
1d2ee62ad83f4d1ab01f5a2c0edc303c_1774285829,2026-03-23 17:10:29.859047,9.36,misc_net,"Mulberry Grove, IL",fraud_Kuphal-Predovic,371226440126102,,,
05238530a676ee36e5be3eb5d8db503e_1774285828,2026-03-23 17:10:28.557841,76.09,health_fitness,"Helm, CA",fraud_Romaguera Ltd,630484879808,,,
0fb09c554ac39b320a9f2ec2e4cc0b70_1774285826,2026-03-23 17:10:26.924827,59.52,gas_transport,"Acworth, NH",fraud_Sporer Inc,38199021865320,,,
0af045d8a5b4ae876b90f72ea496a6b6_1774285748,2026-03-23 17:09:08.788296,376.65,shopping_net,"Milford, OH","fraud_Gottlieb, Considine and Schultz",3518669219150142,,,
c34d54679b7def6826bb62fa16614a16_1774285747,2026-03-23 17:09:07.868358,73.69,grocery_pos,"Washington, DC",fraud_Rau and Sons,374125201044065,,,
4e361e5a84b0824498f562737bdfd87a_1774285746,2026-03-23 17:09:06.844514,3.16,shopping_pos,"Hopewell, VA",fraud_Beier-Hyatt,3592325941359225,,,
ec900cc235361b5b789058a7973badc0_1774285745,2026-03-23 17:09:05.927792,51.45,grocery_net,"Thida, AR",fraud_Smitham-Schiller,30273037698427,,,
aea96ff12b43c2e3dc739a87fb87398b_1774285744,2026-03-23 17:09:04.445075,45.52,gas_transport,"Birmingham, IA","fraud_Stroman, Hudson and Erdman",3596217206093829,,,
38311597016ca0900275ca73adbd2652_1774285690,2026-03-23 17:08:10.509941,87.65,health_fitness,"Superior, AZ",fraud_Fadel Inc,36722699017270,,,
72a52a4afef6b79b4d6db78ffa03f62f_1774285689,2026-03-23 17:08:09.604867,46.12,gas_transport,"Oakdale, NY",fraud_Schmitt Inc,6523180720198790,,,
946b1e230c0efaf0ba9a5b230e1a9813_1774285688,2026-03-23 17:08:08.507863,2.58,food_dining,"Elberta, MI",fraud_Kihn-Fritsch,571365235126,,,
3d25b45a6f3f5400e015f01e708c91dd_1774285686,2026-03-23 17:08:06.800376,48.55,gas_transport,"High Rolls Mountain Park, NM",fraud_Schmitt Inc,3514865930894695,,,
8049e0b76ef345308e0b09ce38c361dd_1774285685,2026-03-23 17:08:05.252875,45.71,personal_care,"Tyler, TX",fraud_Osinski Inc,6506116513503136,,,
82c4533a6b5508891e0528dc67fd0820_1774285629,2026-03-23 17:07:09.188931,46.32,gas_transport,"Milwaukee, WI",fraud_Emard Inc,213191402330021,,,
5d115d68444fb142f3dc00446f5390f7_1774285628,2026-03-23 17:07:08.167287,68.51,gas_transport,"Bonfield, IL",fraud_Kuvalis Ltd,3517527805128735,,,
356ef153a15938f21d20ab188845a5fa_1774285627,2026-03-23 17:07:07.006470,117.7,kids_pets,"Burbank, WA",fraud_Cartwright PLC,6011724471098086,,,
2c26a3e7bd946a91158415503f7d7362_1774285625,2026-03-23 17:07:05.972851,6.94,misc_pos,"Vanderbilt, PA",fraud_Haley Group,4279161831637,,,
6d8835d64fd084f1ff5b76739f59fc87_1774285624,2026-03-23 17:07:04.884353,7.82,entertainment,"Humboldt, AZ","fraud_Runolfsdottir, Mueller and Hand",213136802746375,,,
9cd3e54b07042bb526e611137f5fd2bb_1774285572,2026-03-23 17:06:12.666803,108.45,health_fitness,"Winger, MN",fraud_Dietrich-Fadel,30175986190993,,,
84ed017f14bee93333847a97bda16cb2_1774285571,2026-03-23 17:06:11.129430,101.65,gas_transport,"Carlisle, IN","fraud_Zieme, Bode and Dooley",3565423334076143,,,
b6744b6a177067e06ef902b118903d22_1774285570,2026-03-23 17:06:10.005994,62.53,kids_pets,"Jermyn, PA",fraud_Bode-Schuster,30442439074871,,,
1574be9bad9055605e9e49dfd606ac81_1774285568,2026-03-23 17:06:08.820358,498.6,travel,"Egan, LA",fraud_Johnston-Casper,4683638447911,,,
afd72173c6f18157d4a3c517f963a63d_1774285567,2026-03-23 17:06:07.686508,30.57,misc_net,"Eugene, OR",fraud_Corwin-Gorczany,378278619832195,,,
6070ab62572eff00062f02fb2259eef3_1774285509,2026-03-23 17:05:09.816236,29.44,personal_care,"Cascade Locks, OR",fraud_Abbott-Steuber,630469040731,,,
c72a31bddf1c8198b5018335532ee032_1774285508,2026-03-23 17:05:08.459732,111.22,kids_pets,"Valentine, NE","fraud_Metz, Russel and Metz",4260059589824237,,,
8e1b52c9308b11fed6c9bce08467f1e7_1774285507,2026-03-23 17:05:07.336819,8.98,shopping_pos,"Palmyra, NY","fraud_Goyette, Howell and Collier",374821819075109,,,
adbad4f9e55cf3fe3b804f888c79892b_1774285506,2026-03-23 17:05:06.217466,9.45,misc_net,"Uledi, PA","fraud_Kerluke, Considine and Macejkovic",4512828414983801773,,,
154fc9345582d5b58b7c5b41f3546bc0_1774285504,2026-03-23 17:05:04.841924,88.23,shopping_net,"West Green, GA","fraud_Baumbach, Feeney and Morar",4208110975550360171,,,
7e1c6c283573d44f641895fc6f999842_1774285450,2026-03-23 17:04:10.198525,39.02,food_dining,"Spirit Lake, ID",fraud_Schulist Ltd,3582402971899057,,,
71624d3e6d261c4be073af07d6e9bd19_1774285448,2026-03-23 17:04:08.931850,126.57,misc_pos,"Clarks Mills, PA",fraud_Turcotte-Halvorson,6538441737335434,,,
f4ba5315f952090a771b400f0f4efba5_1774285448,2026-03-23 17:04:08.045221,5.14,shopping_net,"Newhall, CA",fraud_Auer-West,3566094707272327,,,
c45814a7fa9fffc6777d58c59fb4e290_1774285446,2026-03-23 17:04:06.939496,20.52,personal_care,"Esbon, KS",fraud_Kautzer and Sons,676372984911,,,
542034e9ba53d0dd7fb346633254e5df_1774285445,2026-03-23 17:04:05.561005,72.16,health_fitness,"Meadville, MO",fraud_Greenholt Ltd,376028110684021,,,
44d602d627223ed3f55fd4c65a97e666_1774285392,2026-03-23 17:03:12.244068,19.77,home,"Orient, NY",fraud_Reilly LLC,4725673654161314,,,
769a9e82d2a0abaf533324c921102983_1774285390,2026-03-23 17:03:10.717205,114.52,kids_pets,"Saint Amant, LA","fraud_Pouros, Walker and Spencer",4861310130652566408,,,
857487d3f2fd8b46c3dbb83366863ba0_1774285388,2026-03-23 17:03:08.455972,244.33,kids_pets,"Mount Perry, OH",fraud_Schoen-Quigley,4128027264554082,,,
e2e45f0b36ee82ce77d95605dbec82b8_1774285387,2026-03-23 17:03:07.335185,96.92,grocery_pos,"Manderson, SD",fraud_Vandervort-Funk,2720012583106919,,,
2cd11b509036f396a8cd85b02fdf2d92_1774285385,2026-03-23 17:03:05.796846,94.15,grocery_pos,"Powell, TN","fraud_Schumm, Bauch and Ondricka",377654590313960,,,
98412df6943e8eab83517d0110529e45_1774285329,2026-03-23 17:02:09.783442,4.46,misc_net,"New York City, NY",fraud_Kerluke Inc,2288813824604479,,,
d0ff10a09dfbd41da1acf0ec48da9469_1774285328,2026-03-23 17:02:08.862101,138.3,grocery_pos,"Barnstable, MA",fraud_Kilback LLC,4826655832045236,,,
3e70c72a44244a6f3addb5162c0cfaa8_1774285327,2026-03-23 17:02:07.424116,62.2,home,"Belgrade, MT",fraud_Lynch-Wisozk,5359543825610251,,,
405ea1497e0ee77ccb53fa58e1f0b952_1774285326,2026-03-23 17:02:06.103246,8.32,food_dining,"Warren, MI",fraud_Bahringer-Streich,2512312531485080,,,
c0f46a0c2b7c9c843a33d435c0180c40_1774285325,2026-03-23 17:02:05.049668,5.03,shopping_net,"Gadsden, AL","fraud_Reichert, Rowe and Mraz",213161231269724,,,
684b2992f70b7681912b34177afe3289_1774285269,2026-03-23 17:01:09.987015,127.37,misc_pos,"Westerville, NE",fraud_Williamson LLC,4979422371139333,,,
358087df9a6812e57356960ae448acdf_1774285268,2026-03-23 17:01:08.646613,18.21,kids_pets,"Arcadia, SC","fraud_Roberts, Daniel and Macejkovic",38530489946071,,,
43e2810a511c50732b7c08dcd9284213_1774285267,2026-03-23 17:01:07.437968,40.14,home,"Phenix City, AL",fraud_Beier and Sons,4809701904914,,,
fe03bce6ed371a2fe81ff3c1f6821af9_1774285266,2026-03-23 17:01:06.103243,1.92,shopping_pos,"Mulberry Grove, IL",fraud_Kuhn LLC,371226440126102,,,
49ae2fc0456fe5ee484af8187b55511d_1774285265,2026-03-23 17:01:05.039138,98.33,health_fitness,"Gainesville, TX",fraud_Heller PLC,4756039869079882102,,,
e69eb32585806d7be5c3771e7b852285_1774285211,2026-03-23 17:00:11.105331,3.78,home,"Hurricane, WV",fraud_Medhurst Inc,4069975342931683,,,
792c081654857ed2dd26657a3d0f18ac_1774285210,2026-03-23 17:00:10.280939,45.59,kids_pets,"Orr, MN",fraud_Bode-Schuster,4365382885912355,,,
c9a2626fda62a216855bf171aa6e8189_1774285208,2026-03-23 17:00:08.723310,67.93,gas_transport,"Unionville, MO",fraud_Sporer Inc,3565196229855512,,,
ed64ffb070e5f7c84669057d5f2d7d86_1774285207,2026-03-23 17:00:07.929389,54.7,food_dining,"Benton, WI","fraud_Reinger, Weissnat and Strosin",6564459919350820,,,
36d89a98de73b30fd159796f5306eec6_1774285206,2026-03-23 17:00:06.268619,7.44,misc_net,"Barneveld, NY",fraud_Mante Group,3533012926413100,,,
76b876c9eca41b24c8ce08fd971be597_1774285151,2026-03-23 16:59:11.652504,97.01,home,"Cranks, KY",fraud_Collier LLC,4707867759656333,,,
79da9637082eccee19ac873b333cf5ba_1774285150,2026-03-23 16:59:10.912036,93.69,grocery_pos,"Utica, PA","fraud_Schoen, Kuphal and Nitzsche",4610050989831291,,,
16b25b63c5d9bd38c23188aa792bb9e0_1774285149,2026-03-23 16:59:09.477968,89.6,gas_transport,"Waukesha, WI","fraud_Eichmann, Bogan and Rodriguez",4428780983793657331,,,
a621861f2223b90a905abac949cab1eb_1774285148,2026-03-23 16:59:08.700871,1.31,misc_pos,"Breesport, NY",fraud_Kemmer-Buckridge,30407675418785,,,
6eb349f1e33027fb5e694c26b0e8692e_1774285147,2026-03-23 16:59:07.070495,84.22,personal_care,"Bolivar, PA",fraud_Monahan-Morar,3586955669388457,,,
7a1e0c60630b641e873d9e15f2619fa6_1774285092,2026-03-23 16:58:12.331096,106.02,misc_net,"Deane, KY",fraud_McGlynn-Heathcote,4260128500325,,,
230d945c60c54767e1e8259f7a45bad3_1774285091,2026-03-23 16:58:11.398934,50.31,kids_pets,"Du Pont, GA","fraud_Romaguera, Wehner and Tromp",4879265611163287,,,
035d997a5860027c19bb578e299493c8_1774285090,2026-03-23 16:58:10.614024,1.49,personal_care,"Dallas, TX",fraud_Erdman-Schaden,4255397449664185994,,,
292447de6979b145651d1b9bd726287f_1774285089,2026-03-23 16:58:09.154886,11.28,misc_net,"Turner, MT",fraud_Kerluke PLC,4710826438164847414,,,
42d592c0f6b2b763568fc5e9a0b004b8_1774285087,2026-03-23 16:58:07.937362,47.49,entertainment,"Pueblo, CO",fraud_Upton PLC,676309913934,,,
e65af854c96b09156822de3c9dd39ccc_1774285030,2026-03-23 16:57:10.429528,68.67,entertainment,"Mount Saint Joseph, OH",fraud_Upton PLC,4223708906367574214,,,
f5f1cb85cc1509f428940208d81676f2_1774285029,2026-03-23 16:57:09.243910,213.56,grocery_pos,"Napa, CA",fraud_Vandervort-Funk,676102124465,,,
db63d2fe456db24c9b0facb423d4e92a_1774285027,2026-03-23 16:57:07.913464,15.72,shopping_net,"Vero Beach, FL",fraud_Kozey-Boehm,3524574586339330,,,
b5042324f682aeda84909e98d71eeb78_1774285027,2026-03-23 16:57:07.099769,54.99,kids_pets,"Drakes Branch, VA",fraud_Gottlieb Group,6011104316292105,,,
7bdf4cdafd0724765877131ce3330472_1774285025,2026-03-23 16:57:05.447662,81.65,grocery_pos,"Tampa, FL","fraud_Schoen, Kuphal and Nitzsche",4467456915153312231,,,
b64f871693feb8bab9b6ad73775f9570_1774284970,2026-03-23 16:56:10.770545,6.92,misc_pos,"Lomax, IL",fraud_Kemmer-Buckridge,30270432095985,,,
e55311bc9f6c002a570d59464a748a5b_1774284968,2026-03-23 16:56:08.934629,487.64,travel,"Atlantic, VA",fraud_Romaguera and Sons,4446368897795790,,,
1bd4e65ad583f0706cfe123885c24fd8_1774284967,2026-03-23 16:56:07.990682,79.88,gas_transport,"Centerview, MO",fraud_Mraz-Herzog,3575789281659026,,,
3b8605f9c3b964c8be189ac78fcf2b49_1774284966,2026-03-23 16:56:06.393423,361.96,misc_net,"Surrency, GA",fraud_Hamill-Daugherty,4509142395811241,,,
7d26da1507248aa9d3a5d712a6dcca38_1774284965,2026-03-23 16:56:05.360872,13.14,entertainment,"Red River, NM",fraud_Kilback and Sons,4181833256558613886,,,
2144b9c90cec0ccc3dd81cc5d324c31e_1774284914,2026-03-23 16:55:14.148778,67.52,grocery_pos,"Brunson, SC",fraud_Bailey-Morar,3527536963490470,,,
4a9dfbf995c967c4e22ed7a9f0c2b587_1774284913,2026-03-23 16:55:13.329327,25.26,entertainment,"Scotts Mills, OR","fraud_Schaefer, Fay and Hilll",676118385837,,,
ebb59d54d803d7c66eda89391f923d3d_1774284911,2026-03-23 16:55:11.897092,24.56,kids_pets,"Omaha, NE",fraud_Barton LLC,3598634130286287,,,
d4f4b0772c017b5b9c0e5601fbf948a2_1774284910,2026-03-23 16:55:10.799515,50.46,gas_transport,"Auburn, ME","fraud_Connelly, Reichert and Fritsch",377550167323848,,,
9a5d1901bb247c5fc48ca52e37added1_1774284909,2026-03-23 16:55:09.406445,61.86,gas_transport,"Ruidoso, NM",fraud_Mraz-Herzog,4427805710168,,,
19bbaf3002a8087ef9a3db20c0865859_1774284858,2026-03-23 16:54:18.856551,39.95,kids_pets,"Riverview, MI",fraud_Gottlieb Group,676326610042,,,
fd63c57b7f08aea38e78a85bab57f8b0_1774284857,2026-03-23 16:54:17.419194,64.6,food_dining,"Oklahoma City, OK",fraud_Runte-Mohr,4390966588600992777,,,
1e22963836aca7abb3ec3563e56a421b_1774284856,2026-03-23 16:54:16.398362,20.23,health_fitness,"Rule, TX",fraud_Reilly and Sons,213175487106448,,,
c8f4a3305884c51cd08597b970edfbe7_1774284855,2026-03-23 16:54:15.020082,65.31,grocery_pos,"Oconto Falls, WI",fraud_Kiehn Inc,377993105397617,,,
7f14da1236d88416faf2c26f025fb344_1774284846,2026-03-23 16:54:06.699527,85.86,gas_transport,"Whittemore, IA","fraud_Zieme, Bode and Dooley",6597248210463122,0.006669210270047188,False,tabpfn-v2
4de15d90b8a720f6c094290c5419980b_1774284816,2026-03-23 16:53:36.878710,2.16,misc_pos,"Espanola, NM",fraud_Gutmann-Upton,4536996888716062123,3.331788320792839e-05,False,tabpfn-v2
6c427bd6e7a615a34d956eec66b90984_1774284809,2026-03-23 16:53:29.143894,47.9,kids_pets,"Tampa, FL",fraud_Bode-Schuster,4467456915153312231,1.448371767764911e-05,False,tabpfn-v2
1a390ff9969163d017a55bcda4869c21_1774284800,2026-03-23 16:53:20.903150,72.88,gas_transport,"Moriarty, NM",fraud_Corwin-Collins,4561546772499,0.0048144785687327385,False,tabpfn-v2
05071e9f1ccd8df6fa2d48ea14c6d3ae_1774284793,2026-03-23 16:53:13.666983,126.05,food_dining,"Mount Hope, AL",fraud_Volkman PLC,3560318482131952,0.09087580442428589,False,tabpfn-v2
ecfd9b649e7e0b6b5e8626dfeda39581_1774284785,2026-03-23 16:53:05.762106,6.17,shopping_pos,"Plantersville, AL",fraud_Friesen Inc,3523843138706408,2.0741985281347297e-05,False,tabpfn-v2
1e394317ad6f542b4dca86c5be4059f0_1774284759,2026-03-23 16:52:39.558277,58.12,home,"Cromona, KY",fraud_Beier and Sons,4319584480204988982,6.020033197273733e-06,False,tabpfn-v2
ce2bb8cfd291ab0894f3bf61823c161c_1774284752,2026-03-23 16:52:32.060408,25.99,home,"Manville, WY",fraud_Kutch-Wilderman,2235613922823698,3.927791476598941e-05,False,tabpfn-v2
b726a4663f8b0ba6a1a962977d9e6a08_1774284744,2026-03-23 16:52:24.314326,46.46,kids_pets,"Belmont, NH",fraud_Gottlieb Group,30546453310167,2.0086363292648457e-05,False,tabpfn-v2
a333595bf69cb1ece9707212cf1fe14f_1774284736,2026-03-23 16:52:16.191717,7.71,misc_pos,"Manville, WY",fraud_Halvorson Group,2235613922823698,0.00018593191634863615,False,tabpfn-v2
85dcf0b3119134cafc06c5a1d6858270_1774284728,2026-03-23 16:52:08.558515,150.12,kids_pets,"Mount Morris, NY",fraud_Goyette-Gerhold,2269768987945882,2.1218802430666983e-05,False,tabpfn-v2
84f86b6eb195ecd6a0fb2c0812fb62e1_1774284713,2026-03-23 16:51:53.002966,15.16,entertainment,"Key West, FL","fraud_Fadel, Mertz and Rippin",4906628655840914250,1.1324754268571269e-05,False,tabpfn-v2
3c0c38880e580285790b99dd16c729af_1774284705,2026-03-23 16:51:45.397534,28.34,food_dining,"Orient, NY","fraud_Reinger, Weissnat and Strosin",4725673654161314,2.3185670215752907e-05,False,tabpfn-v2
2e341f7e099fb96148a28cc6a8818419_1774284697,2026-03-23 16:51:37.807660,5.23,home,"Milford, OH",fraud_White and Sons,3518669219150142,2.1457211914821528e-05,False,tabpfn-v2
7499c98a5981657ef8e8f19a4f72d9e0_1774284690,2026-03-23 16:51:30.236219,35.12,misc_pos,"Doe Hill, VA",fraud_Simonis-Prohaska,375534208663984,0.003480692161247134,False,tabpfn-v2
d5da69c3734b4ba9346cad2403a72ebe_1774284682,2026-03-23 16:51:22.110122,126.73,food_dining,"Ash Flat, AR",fraud_Runte-Mohr,4502539526809429801,0.08257552981376648,False,tabpfn-v2
69f36f7fa1f8b27065cb5856cde94bf3_1774284667,2026-03-23 16:51:07.309509,45.94,home,"Center Point, WV","fraud_Denesik, Powlowski and Pouros",676298633337,5.841221081936965e-06,False,tabpfn-v2
5fd51390e7a1153bd48cb546cf88e208_1774284659,2026-03-23 16:50:59.802581,75.46,personal_care,"Fort Washakie, WY",fraud_Schiller Ltd,571465035400,0.00010989888687618077,False,tabpfn-v2
2461e2c8b09df03b3de24f08d6be5052_1774284650,2026-03-23 16:50:50.632929,28.0,health_fitness,"Ratcliff, TX",fraud_Schroeder Group,4128730454058057622,0.0014829366700723767,False,tabpfn-v2
f66496c83df1992278e0d0dca8e2cd71_1774284643,2026-03-23 16:50:43.085226,15.61,food_dining,"Hudson, KS",fraud_Kuphal-Toy,4259996134423,3.1351060897577554e-05,False,tabpfn-v2
a0f50845054310641e4899a7b9cb6766_1774284635,2026-03-23 16:50:35.379062,199.99,entertainment,"Burbank, WA",fraud_Stark-Batz,6011724471098086,2.9741831895080395e-05,False,tabpfn-v2
5504ab9a08834ae7ec3a9ea4e20afefc_1774284620,2026-03-23 16:50:20.323721,91.0,grocery_pos,"Athena, OR",fraud_Murray-Smitham,213178850083780,0.00013647601008415222,False,tabpfn-v2
7847aa75bbc10b43a28d0faaa6872872_1774284612,2026-03-23 16:50:12.801107,97.65,food_dining,"Moulton, IA","fraud_Schumm, McLaughlin and Carter",2305336922781618,0.0003102378104813397,False,tabpfn-v2
ea979bc3fc26e9f9ea452c51f3e8bee3_1774284605,2026-03-23 16:50:05.233240,55.47,kids_pets,"Big Creek, KY",fraud_Pacocha-Weissnat,349612764943496,1.4006894161866512e-05,False,tabpfn-v2
c58cc08c2ba95f373bc054133c102c97_1774284597,2026-03-23 16:49:57.885685,54.29,kids_pets,"Barneveld, NY",fraud_Schimmel-Olson,3533012926413100,8.82140921021346e-06,False,tabpfn-v2
6607413e8b5488173e7739b256e351ba_1774284590,2026-03-23 16:49:50.210015,152.75,home,"Newark Valley, NY",fraud_Wuckert-Goldner,4342532437704183,6.532242696266621e-05,False,tabpfn-v2
f57f680d7d340c1fcb21e7c9752f1582_1774284573,2026-03-23 16:49:33.815093,54.11,gas_transport,"Bailey, NC",fraud_Corwin-Collins,343464013864032,0.004791698418557644,False,tabpfn-v2
3816d6753b7138a9c98e5294f86b32b2_1774284566,2026-03-23 16:49:26.420022,90.87,entertainment,"Pembroke Township, IL","fraud_Cormier, Stracke and Thiel",4587657402165341815,2.6822019663086394e-06,False,tabpfn-v2
fa255eeddda659c372f331b73cac1e06_1774284558,2026-03-23 16:49:18.774175,68.55,gas_transport,"Utica, PA",fraud_Huels-Hahn,4610050989831291,0.004288177937269211,False,tabpfn-v2
7eee1e1a706309613aa4eff0499146c9_1774284551,2026-03-23 16:49:11.088834,2.59,shopping_net,"Newark Valley, NY",fraud_Hills-Witting,4342532437704183,5.125973075337242e-06,False,tabpfn-v2
19d08bae074bc10a5d8048a0eb4e8748_1774284543,2026-03-23 16:49:03.442119,7.68,food_dining,"Big Indian, NY",fraud_Bechtelar-Rippin,213125815021702,3.123185888398439e-05,False,tabpfn-v2
27a61cdaa7fd2585254a826f01ae36a4_1774284518,2026-03-23 16:48:38.612035,42.88,gas_transport,"Plymouth, CT","fraud_Reilly, Heaney and Cole",375974680629816,0.004803088493645191,False,tabpfn-v2
8559d8a0cbe88cced8c4ee4fd61a764f_1774284510,2026-03-23 16:48:30.938088,85.13,health_fitness,"Sherman, TX","fraud_Klocko, Runolfsdottir and Breitenberg",3518234918950662,1.5020144928712398e-05,False,tabpfn-v2
9fdfa9f0bf5889b27cb1f685cc9e4bb0_1774284502,2026-03-23 16:48:22.697796,7.86,misc_pos,"Ronceverte, WV",fraud_Spencer-Runolfsson,346273234529002,0.00023895750928204507,False,tabpfn-v2
7ce2fd8de45c9bcecd86cec522aa986c_1774284494,2026-03-23 16:48:14.586533,1.65,shopping_net,"Bailey, NC",fraud_Schumm PLC,343464013864032,4.410724159242818e-06,False,tabpfn-v2
6ac10187d17089411f1fdd189d790fdd_1774284485,2026-03-23 16:48:05.656310,15.96,grocery_net,"Oakland, TN",fraud_Roob LLC,3597926034019603,0.009121693670749664,False,tabpfn-v2
aa5a60741dc7d223006e1bcf2c8b5182_1774284458,2026-03-23 16:47:38.391011,17.78,kids_pets,"Bessemer, AL",fraud_Bode-Schuster,4003989662068504,0.0016619262751191854,False,tabpfn-v2
09d19846ba328c7792818596eece2f23_1774284451,2026-03-23 16:47:31.095453,6.35,shopping_net,"Halma, MN",fraud_Heathcote LLC,30143713661454,7.092901796568185e-06,False,tabpfn-v2
423eb7c9d50b105989634a6f8a441744_1774284442,2026-03-23 16:47:22.871091,1.37,shopping_net,"Fort Myers, FL","fraud_Gottlieb, Considine and Schultz",30044330818990,5.543201496038819e-06,False,tabpfn-v2
183b0fb47a903c1d23741f3117119f37_1774284435,2026-03-23 16:47:15.192644,44.72,gas_transport,"Rock Tavern, NY","fraud_Reilly, Heaney and Cole",4988304376504,0.0058404128067195415,False,tabpfn-v2
137316cda51e513a32654f669c094c4d_1774284426,2026-03-23 16:47:06.697478,91.6,grocery_pos,"New Waverly, TX","fraud_Lockman, West and Runte",3502377050801561,0.00012944452464580536,False,tabpfn-v2
77f5d0637575eeb0cd02a58e2f59bbf5_1774284384,2026-03-23 16:46:24.432576,3.84,misc_net,"Spearsville, LA",fraud_Corwin-Gorczany,213120463918358,1.6689273252268322e-06,False,tabpfn-v2
3e22755cfe8a631b1a86d953f4eb2e66_1774284380,2026-03-23 16:46:20.557918,71.0,food_dining,"Laguna Hills, CA","fraud_Turner, Ziemann and Lehner",6554245334757802,1.84774046374514e-06,False,tabpfn-v2
cc4c4faac652dcdc952f135cb79e632b_1774284377,2026-03-23 16:46:17.228344,54.6,health_fitness,"Brandon, VT","fraud_Mante, Luettgen and Hackett",3531129874770000,1.6689273252268322e-06,False,tabpfn-v2
3a5162528abd21fca9121fe3c65349ee_1774284372,2026-03-23 16:46:12.886985,9.31,shopping_net,"Belgrade, MT","fraud_Baumbach, Feeney and Morar",5359543825610251,1.6093226804514416e-06,False,tabpfn-v2
542ed53a3306b1188eb1ff51940e0429_1774284369,2026-03-23 16:46:09.379899,140.31,grocery_pos,"Sontag, MS",fraud_Bogisich Inc,6517217825320610,0.0002396724303252995,False,tabpfn-v2
5079804744adb3e3d6f7174a37966e1c_1774284346,2026-03-23 16:45:46.502889,21.11,kids_pets,"West Finley, PA",fraud_Gleason and Sons,2714019737356678,1.0132780516869389e-06,False,tabpfn-v2
5192170b353334cfd33aa3451b5d1aab_1774284343,2026-03-23 16:45:43.831164,199.16,health_fitness,"Littleton, CO","fraud_Klocko, Runolfsdottir and Breitenberg",6011893664860915,4.5416676584864035e-05,False,tabpfn-v2
4adf0481d222ef6af46439f1f014ec17_1774284340,2026-03-23 16:45:40.780921,29.65,entertainment,"Gadsden, AL",fraud_Stark-Batz,213161231269724,2.6822019663086394e-06,False,tabpfn-v2
530503a795cb920e839a61198318afea_1774284337,2026-03-23 16:45:37.533283,31.98,misc_pos,"Richland, NJ",fraud_Spencer-Runolfsson,4244953610136705533,1.549718376736564e-06,False,tabpfn-v2
a2213286d24ea753a60dd51127910101_1774284333,2026-03-23 16:45:33.802693,17.6,shopping_pos,"Thompson, UT",fraud_Torphy-Goyette,4642255475285942,1.728531856315385e-06,False,tabpfn-v2
675e7fe5fbf8f709f126012b70d06275_1774284315,2026-03-23 16:45:15.038555,124.15,grocery_pos,"Fields Landing, CA",fraud_Doyle Ltd,3519607465576254,0.00032573274802416563,False,tabpfn-v2
9885d601953c7239b71b2d1939b38e00_1774284311,2026-03-23 16:45:11.200382,382.25,shopping_net,"Westfir, OR",fraud_Rempel Inc,180094608895855,3.0576251447200775e-05,False,tabpfn-v2
27e0ccfb637aa908abe6f8cea76567fe_1774284308,2026-03-23 16:45:08.222837,65.88,gas_transport,"Vero Beach, FL","fraud_Greenholt, Jacobi and Gleason",3524574586339330,1.7344649677397683e-05,False,tabpfn-v2
f02f976e154261fb999a510013044541_1774284305,2026-03-23 16:45:05.134237,73.74,entertainment,"Mc Clellandtown, PA",fraud_Klein Group,571314334723,1.6689273252268322e-06,False,tabpfn-v2
75256e30daf1aa5a5409256e282b5b93_1774284245,2026-03-23 16:44:05.333309,95.34,grocery_pos,"Mansfield, OH",fraud_Wolf Inc,4550599031376731,0.00014160058344714344,False,tabpfn-v2
a532ce133b1a38d9dc086aed8d3321b4_1774284199,2026-03-23 16:43:19.361684,119.99,entertainment,"Edmond, OK",fraud_Lind-Buckridge,4170689372027579,4.231911589158699e-06,False,tabpfn-v2
5fa8d88e763806b01504b6d4138b319c_1774284196,2026-03-23 16:43:16.657883,6.5,shopping_net,"Ollie, IA",fraud_Schmidt and Sons,213195754007681,1.84774046374514e-06,False,tabpfn-v2
729980583e36707937d73977c13a19d0_1774284193,2026-03-23 16:43:13.797610,71.83,gas_transport,"Mount Perry, OH","fraud_Schaefer, Maggio and Daugherty",4128027264554082,2.0920791939715855e-05,False,tabpfn-v2
d7d33a4585d3be0d596b192e22d406cb_1774284190,2026-03-23 16:43:10.723042,14.68,entertainment,"Cascade Locks, OR",fraud_Johns-Hoeger,630469040731,3.99349482904654e-06,False,tabpfn-v2
8920baefa79d56c62c2c0988971f79b9_1774284187,2026-03-23 16:43:07.109773,5.41,misc_net,"Saint Petersburg, FL",fraud_Volkman Ltd,180042946491150,1.549718376736564e-06,False,tabpfn-v2
1e6202056a589cf6db2dc6967270cf69_1774284154,2026-03-23 16:42:34.267949,20.3,food_dining,"Tekoa, WA","fraud_Konopelski, Schneider and Hartmann",3500969075198072,2.6822019663086394e-06,False,tabpfn-v2
84b9427eff2ca8c5cc6ebb5ee7647861_1774284151,2026-03-23 16:42:31.052727,53.76,gas_transport,"Maria Stein, OH","fraud_Olson, Becker and Koch",6011477612335392,1.1682373951771297e-05,False,tabpfn-v2
b022272107dc0689226c1251982a6ff7_1774284147,2026-03-23 16:42:27.721237,80.04,kids_pets,"Burke, VA","fraud_Lang, Towne and Schuppe",4958589671582726883,1.1920915312657598e-06,False,tabpfn-v2
70021a067010721653e69e34e14ddc4d_1774284144,2026-03-23 16:42:24.523725,82.97,grocery_pos,"Bowdoin, ME","fraud_Lockman, West and Runte",2720433095629877,0.00011544087465154007,False,tabpfn-v2
d96ead5f53df5fce28957a69d74742e5_1774284141,2026-03-23 16:42:21.147724,63.0,gas_transport,"Crownpoint, NM",fraud_Torp-Labadie,4658117080136,1.6092995792860165e-05,False,tabpfn-v2
f3d2339261b73ebfd7a154aca8b0ca2c_1774284103,2026-03-23 16:41:43.083836,5.57,misc_pos,"Monmouth Beach, NJ",fraud_Smith-Stokes,4173950183554608,1.549718376736564e-06,False,tabpfn-v2
e8b74aed8e0b6f27e1be59420406c45e_1774284100,2026-03-23 16:41:40.286787,1.91,shopping_net,"Rockwood, PA",fraud_Price Inc,370818583810103,1.84774046374514e-06,False,tabpfn-v2
f4e4826e0f779a7899c322f635c5a1fc_1774284097,2026-03-23 16:41:37.664751,188.51,misc_net,"San Angelo, TX",fraud_Huel Ltd,4425161475596168,1.0251893399981782e-05,False,tabpfn-v2
ba55aa6a2c5ea5dfaee1c0987abead1d_1774284094,2026-03-23 16:41:34.901448,40.53,home,"Goodrich, MI",fraud_Botsford and Sons,372509258176510,1.311300479756028e-06,False,tabpfn-v2
d096966cebc02a2b5bdd2bbde9f24a70_1774284091,2026-03-23 16:41:31.811241,93.78,misc_net,"Central, IN",fraud_Corwin-Gorczany,30487648872433,2.9206191811681492e-06,False,tabpfn-v2
79bc8d07ca5c409856ebf5b292eaf921_1774284080,2026-03-23 16:41:20.338172,57.77,food_dining,"Etlan, VA",fraud_Kuhn Group,378006354724784,1.728531856315385e-06,False,tabpfn-v2
10ab1a88f4690ab7779d2c09b80a6225_1774284077,2026-03-23 16:41:17.366219,54.54,misc_pos,"Naples, FL",fraud_Herman Inc,30082025922891,2.0265538296371233e-06,False,tabpfn-v2
f60bf9abf43fbe29fa51af4b959b8019_1774284074,2026-03-23 16:41:14.418579,67.18,gas_transport,"Port Saint Lucie, FL","fraud_Schaefer, McGlynn and Bosco",4116554952971686,2.2053232896723785e-05,False,tabpfn-v2
dc45a357784d46b48d3bfd115d4de0ad_1774284071,2026-03-23 16:41:11.537172,45.51,misc_net,"Greenwich, NJ",fraud_Huel-Langworth,377113842678100,1.7881361600302625e-06,False,tabpfn-v2
47fd8d266f004428ac7bdd2cf8941969_1774284067,2026-03-23 16:41:07.739409,6.81,shopping_net,"Mendon, UT","fraud_Kuhic, Bins and Pfeffer",4063094974360571498,1.7881361600302625e-06,False,tabpfn-v2
255e00bc47a804a8fc900a727409170c_1774284021,2026-03-23 16:40:21.044244,168.92,home,"Napa, CA",fraud_Terry Ltd,676102124465,7.461944915121421e-05,False,tabpfn-v2
bc1ebbd4b7c04bee01be80b12dc6b1ca_1774284018,2026-03-23 16:40:18.077725,6.45,shopping_pos,"Warren, MI",fraud_Hickle Group,340953839692349,1.7881361600302625e-06,False,tabpfn-v2
64ea1538590ca94c1a5da1efb6ccb6ad_1774284015,2026-03-23 16:40:15.125164,57.84,misc_pos,"Mansfield, OH",fraud_Reynolds-Schinner,4550599031376731,1.9669496396090835e-06,False,tabpfn-v2
12b978cb2ad35189d3070b02429b60b8_1774284012,2026-03-23 16:40:12.129223,5.19,shopping_pos,"Lomax, IL",fraud_Pacocha-Bauch,30270432095985,1.907344994833693e-06,False,tabpfn-v2
62efe8ce3e7de076bc51efe8ddd97f50_1774284009,2026-03-23 16:40:09.369672,1.56,misc_net,"Moravian Falls, NC",fraud_Kerluke PLC,2703186189652095,1.728531856315385e-06,False,tabpfn-v2
8c03be251180b0c401e7aa6ba04bb171_1774283998,2026-03-23 16:39:58.098233,52.98,grocery_net,"Cokeburg, PA",fraud_Hills-Olson,4149238353975790,0.0004158321535214782,False,tabpfn-v2
b90c6f385bdd060f8f56e63b94c58176_1774283994,2026-03-23 16:39:54.595107,49.68,food_dining,"Creedmoor, NC",fraud_Schuppe-Schuppe,30197398657930,1.7881361600302625e-06,False,tabpfn-v2
587bef2a5236ff341e5f39aa8b3b64ec_1774283991,2026-03-23 16:39:51.932151,6.85,shopping_pos,"Roseland, NE",fraud_Stoltenberg-Beatty,375904527651269,1.7881361600302625e-06,False,tabpfn-v2
a908fcc9370a7c6d0a4ccaa44b8d106c_1774283989,2026-03-23 16:39:49.000782,89.36,grocery_net,"Cherokee Village, AR","fraud_Swaniawski, Bahringer and Ledner",4926376199189801,0.0009236824698746204,False,tabpfn-v2
e6e515e028789de0e13e9dc34c9d5e3f_1774283986,2026-03-23 16:39:46.060324,941.23,shopping_net,"Livonia, MI",fraud_Terry-Huel,30510856607165,0.002158673945814371,True,tabpfn-v2
68873907d01f06aece75176fc4264b3e_1774283953,2026-03-23 16:39:13.796722,8.69,health_fitness,"San Antonio, TX",fraud_Heller PLC,503874407318,1.728531856315385e-06,False,tabpfn-v2
542bc3fb660451dc2479a2087a841f3f_1774283950,2026-03-23 16:39:10.020025,4.89,shopping_pos,"Port Costa, CA","fraud_Baumbach, Strosin and Nicolas",3564839259330465,1.84774046374514e-06,False,tabpfn-v2
1259c65cb182d053c5bdc5a6ed7fbbbb_1774283947,2026-03-23 16:39:07.002647,44.34,home,"Oklahoma City, OK","fraud_Kling, Howe and Schneider",4390966588600992777,1.311300479756028e-06,False,tabpfn-v2
692774f06773491cdf683d8773407e90_1774283943,2026-03-23 16:39:03.325598,216.1,misc_pos,"Murrayville, IL",fraud_McCullough LLC,3541160328600277,1.9847953808493912e-05,False,tabpfn-v2
777d68f3654bf05b4862b71149b35a6c_1774283939,2026-03-23 16:38:59.540221,1.4,misc_pos,"Prairie Hill, TX",fraud_Bruen-Yost,3546897637165774,1.728531856315385e-06,False,tabpfn-v2
a23ff4abf019b8936b6542ea3c3cb90d_1774283915,2026-03-23 16:38:35.920629,4.14,travel,"Grand Bay, AL","fraud_Ritchie, Oberbrunner and Cremin",376944481517097,1.7881361600302625e-06,False,tabpfn-v2
126286c9b28d50c5b24ca935bd2319ff_1774283912,2026-03-23 16:38:32.841278,43.31,personal_care,"West Henrietta, NY",fraud_Monahan-Morar,213161293389774,1.430509428246296e-06,False,tabpfn-v2
9f481fa752895d93e4ff26ac96f81bc5_1774283909,2026-03-23 16:38:29.397554,79.89,entertainment,"Tower Hill, IL",fraud_Lind-Buckridge,3535808924394848,1.6093226804514416e-06,False,tabpfn-v2
e221b3289d22910538d1e12d08302759_1774283905,2026-03-23 16:38:25.284121,1.11,food_dining,"Viola, AR",fraud_Haag-Blanda,4761403817546679245,6.616071459575323e-06,False,tabpfn-v2
fc63118bcfc21ac1af0cd22b29a91a06_1774282290,2026-03-23 16:11:30.575128,78.76,entertainment,"Parkers Lake, KY",fraud_Lind-Buckridge,4006047418382,1.6689273252268322e-06,False,tabpfn-v2
15c4ec0d6b44e00576346a210cd8182f_1774280696,2026-03-23 15:44:56.522445,38.97,home,"Jones, AL",fraud_Lynch-Wisozk,6011504998544485,1.311300479756028e-06,False,tabpfn-v2
4846bc5219ba4f2010b03b390c8bac23_1774280694,2026-03-23 15:44:54.847284,6.11,shopping_pos,"Gadsden, AL",fraud_Jewess LLC,213161231269724,,,
58d6bd39ae5ea413f1080bbead17e196_1774280693,2026-03-23 15:44:53.042438,3.4,shopping_pos,"Greenwood, IN",fraud_Jewess LLC,4561892980175,,,
ac480460d67c90479ad04bb696971498_1774278196,2026-03-23 15:03:16.287147,38.13,home,"Jelm, WY",fraud_Connelly-Carter,6011679934075347,,,
b511d7d87cab20e2795f3901bbbfa9e8_1774278192,2026-03-23 15:03:12.625140,3.72,misc_net,"Curlew, IA",fraud_Huel Ltd,639095706599,1.728531856315385e-06,False,tabpfn-v2
8984fe5c446efa1046e540c0d58b325b_1774278182,2026-03-23 15:03:02.053365,36.99,gas_transport,"Fenelton, PA",fraud_Harber Inc,4661996144291811856,,,
edcf68a84472d7e4c45f98ebe9456a7a_1774274963,2026-03-23 14:09:23.797765,7.03,shopping_pos,"Stillwater, OK",fraud_Metz-Boehm,3554849923339851,2.205367081842269e-06,False,tabpfn-v2
53ee577119164cd1396cab6fdfc5f38d_1774272307,2026-03-23 13:25:07.618820,4.37,shopping_pos,"Sherman, TX","fraud_Bins, Balistreri and Beatty",3518234918950662,,,
cfcf7dacd909fc8f883cad0c328123aa_1774272304,2026-03-23 13:25:04.443377,65.1,gas_transport,"Meridian, TX",fraud_Kutch LLC,373905417449658,5.722013156628236e-06,False,tabpfn-v2
465eb84410f04ba0d712667a1cc372e3_1774267640,2026-03-23 12:07:20.506566,41.32,health_fitness,"Lanark Village, FL",fraud_Thompson-Gleason,4464457352619,1.490113959334849e-06,False,tabpfn-v2
6228cf1cc9433b7a5f95f814f57c5055_1774267627,2026-03-23 12:07:07.954828,3.47,travel,"Washington, DC",fraud_Tillman LLC,561942763351,3.4570573461678578e-06,False,tabpfn-v2
959a43d34b674db9b6815eb56a322b79_1774258699,2026-03-23 09:38:19.888867,89.82,health_fitness,"Eureka, IL","fraud_Hills, Hegmann and Schaefer",4119762878330989,,,
c4ca0f3b681cba26ec2bc24195906b7c_1774254052,2026-03-23 08:20:52.077853,9.43,shopping_net,"Pittsburgh, PA",fraud_Fisher Inc,4158945090781624,2.5629929041315336e-06,False,tabpfn-v2
ee0201507ce6c9238ab68fd6019a99aa_1774254033,2026-03-23 08:20:33.283060,6.49,misc_pos,"Jermyn, PA","fraud_Boehm, Block and Jakubowski",30442439074871,2.443784524075454e-06,False,tabpfn-v2
c9ff74785fecd715a9c6cd7ead6d256a_1774246050,2026-03-23 06:07:30.384546,74.96,gas_transport,"Mount Clemens, MI","fraud_Schaefer, Maggio and Daugherty",2720894374956739,2.443784524075454e-06,False,tabpfn-v2
be7067bc52e8cc748e0699159787cb11_1774224849,2026-03-23 00:14:09.812787,2.61,health_fitness,"East Canaan, CT","fraud_Haley, Batz and Auer",342952484382519,,,
f34a4b2a0c15f3f7adf8f2fd3d5ceec3_1774219593,2026-03-22 22:46:33.082860,46.29,food_dining,"Hooper, NE","fraud_Schneider, Hayes and Nikolaus",4634955908138648,0.0001369527162751183,False,tabpfn-v2
8cd3857a20d9528fb20164457e06dd9e_1774219592,2026-03-22 22:46:32.242034,89.4,grocery_pos,"Stayton, OR","fraud_Huel, Hammes and Witting",180046165512893,,,
b5b9216380c019c7a0f83b400a695123_1774219591,2026-03-22 22:46:31.265152,160.9,entertainment,"Stephensport, KY",fraud_Kling-Ernser,180064817343047,,,
488df5069225511b9403a5ba04f1e725_1774219590,2026-03-22 22:46:30.288268,93.43,home,"Bristow, IN",fraud_Reilly LLC,213154573301411,,,
81ccfa9520718a9cd0e785a7245e4104_1774217594,2026-03-22 22:13:14.042191,32.91,gas_transport,"Heart Butte, MT",fraud_Schmitt Inc,4716561796955522,,,
b6088d43ebca48ccd57d250b9223b6c7_1774217593,2026-03-22 22:13:13.315017,76.25,gas_transport,"New Ellenton, SC",fraud_Harris Inc,4294040533480516,,,
d8bec478af371b2c345b15a6f3cb779d_1774217592,2026-03-22 22:13:12.550046,9.14,shopping_net,"Llano, NM","fraud_Kihn, Abernathy and Douglas",5456712664803820,,,
a55f035ca030833f58865042ab8759e0_1774217591,2026-03-22 22:13:11.734784,33.77,health_fitness,"Catawba, VA",fraud_Friesen Ltd,4294930380592,,,
2be1e05ac7563a9d006ce2b987176b2a_1774217590,2026-03-22 22:13:10.496174,151.03,entertainment,"Conway, NH",fraud_Dibbert and Sons,4378993458389626,,,
8c9f97c214c8742399239c74425af3b2_1774217529,2026-03-22 22:12:09.032804,46.12,entertainment,"Cecilton, MD","fraud_Nicolas, Hills and McGlynn",213174467670432,,,
994f3fd121da1f8948d911c5a90a6e53_1774217528,2026-03-22 22:12:08.192897,67.27,gas_transport,"Fort Myers, FL",fraud_Bins-Rice,30044330818990,,,
6d605907711630050959ce475b10d0e6_1774217527,2026-03-22 22:12:07.366447,41.72,kids_pets,"Williams, IN",fraud_Larkin Ltd,3576281490078437,,,
f5bb992b9f06d8dd7872d0931b186b55_1774217526,2026-03-22 22:12:06.553143,37.78,kids_pets,"Smackover, AR",fraud_Swift PLC,6011492816282597,,,
3503cf9db800e110f81a21cde3cb5eb3_1774217525,2026-03-22 22:12:05.577938,32.62,home,"North Loup, NE",fraud_Connelly-Carter,4400011257587661852,,,
70aa4e8c8d688e10fa43507f0234226e_1774217469,2026-03-22 22:11:09.814403,1.47,shopping_pos,"Avoca, IA","fraud_Bahringer, Schoen and Corkery",4198470814557,,,
d9f45f0023018adabec35bf9a521ae61_1774217468,2026-03-22 22:11:08.992949,54.3,grocery_net,"Jelm, WY",fraud_Dicki Ltd,6011679934075347,,,
82eed1ee845b413f34fbfa27905a4e95_1774217468,2026-03-22 22:11:08.183244,32.49,misc_pos,"Elkhart, IA",fraud_McGlynn-Jaskolski,3568736585751727,,,
192e8a2263579184b1bf5384f058442a_1774217467,2026-03-22 22:11:07.369487,17.0,shopping_net,"Hovland, MN",fraud_Boyer-Reichert,3520550088202337,,,
6835cb13fc80ab9744e6a3af008660cc_1774217466,2026-03-22 22:11:06.416846,4.25,shopping_net,"Beaver Falls, PA",fraud_Kozey-Boehm,675945690716,,,
34af4f8045db3c52c35e4fb9137a5fcf_1774217409,2026-03-22 22:10:09.090151,60.65,food_dining,"Cisco, IL",fraud_Bernhard-Lesch,2297447006766555,,,
4596e64d7c59c246b33e352b2869a2bc_1774217408,2026-03-22 22:10:08.252482,184.46,grocery_pos,"De Soto, KS",fraud_Bradtke PLC,4792627764422477317,,,
79108be69d35e9d38f92dac8a2264942_1774217407,2026-03-22 22:10:07.377570,87.63,home,"North Tonawanda, NY",fraud_Lynch-Wisozk,30404291151692,,,
b256e4a4ae687902da6888d0bee11dba_1774217406,2026-03-22 22:10:06.619389,121.34,home,"Bradley, SC",fraud_Streich Ltd,213112402583773,,,
e0c20a04c9bd9f85fc131b7b317ab860_1774217405,2026-03-22 22:10:05.607658,4.46,personal_care,"Matawan, NJ","fraud_Nienow, Barrows and Romaguera",30118423745458,,,
04181cb94c1dbf55644309ff22f2adef_1774217349,2026-03-22 22:09:09.584296,67.5,gas_transport,"Moro, IL",fraud_Bernhard Inc,2222001896600109,,,
91c263a86f797d017a664f8f8e327a44_1774217348,2026-03-22 22:09:08.887259,51.22,kids_pets,"Doe Hill, VA","fraud_Pouros, Walker and Spencer",375534208663984,,,
58f15c03bf6e80ea57194b8cf452bed6_1774217347,2026-03-22 22:09:07.968373,15.33,personal_care,"Winthrop, ME",fraud_Kub PLC,4228411452607671,,,
c86ebe8f2113e2e51f34dc55e8632029_1774217347,2026-03-22 22:09:07.154777,89.68,grocery_pos,"Blooming Grove, TX",fraud_Barton Inc,4452366298769043,,,
7b8c5d0fd4026469b900450b88695d63_1774217346,2026-03-22 22:09:06.074775,69.97,home,"Manchester, MD","fraud_Hettinger, McCullough and Fay",180065479077096,,,
37ef491e6ad9999aee96effeffe5b4db_1774217292,2026-03-22 22:08:12.442079,90.62,personal_care,"Walnut Ridge, AR",fraud_Auer LLC,6538891242532018,,,
a4f0a77206a21a0167dae940f4ccbe02_1774217291,2026-03-22 22:08:11.651957,4.85,travel,"Lawn, PA","fraud_Champlin, Rolfson and Connelly",4169759661243568,,,
549ef129b17780a0e04c093d76afbcc6_1774217290,2026-03-22 22:08:10.834956,181.74,grocery_pos,"Cherokee Village, AR",fraud_Bradtke PLC,4926376199189801,,,
fca97636ab3d9ee5f8298172bd5af30d_1774217289,2026-03-22 22:08:09.995848,2.61,shopping_net,"Johns Island, SC",fraud_Kozey-Boehm,3533742182628021,,,
c33e5c5bfcc4f776bc1f0098085f284e_1774217288,2026-03-22 22:08:08.918707,77.0,shopping_net,"Nazareth, TX",fraud_Lemke-Gutmann,4451952084362894,,,
31d077176e4e1af71f8dade7d4eac971_1774217269,2026-03-22 22:07:49.467462,51.47,kids_pets,"Ferney, SD",fraud_Breitenberg-Hermiston,4501449508569485,,,
38a2d8292b9d82c271d50df6db40b077_1774217268,2026-03-22 22:07:48.585031,41.29,home,"Hawthorne, CA","fraud_Kling, Howe and Schneider",4683520018489354,,,
b9a5301d7adb69588e8fe7f661c65ca2_1774217267,2026-03-22 22:07:47.753577,89.5,shopping_net,"Fort Washakie, WY",fraud_Kuhic LLC,571465035400,,,
687c7e32d5e6c71e0df6e62e7425b22c_1774217266,2026-03-22 22:07:46.825426,74.44,entertainment,"Mount Saint Joseph, OH",fraud_Effertz LLC,4223708906367574214,,,
3cd5a6df7e5148b648a1b65a95898aab_1774217265,2026-03-22 22:07:45.673458,57.8,entertainment,"Creola, OH",fraud_Morissette LLC,38947654498698,,,
ad60de8099dc07d00fb520c9ce0ceed5_1774217172,2026-03-22 22:06:12.657334,5.23,travel,"Florence, MS",fraud_Ankunding-Carroll,213141712584544,,,
6b77d3774a72e1b2108118a6c7c816ba_1774217171,2026-03-22 22:06:11.837926,45.9,home,"Wilton, ND","fraud_Hettinger, McCullough and Fay",374497717543058,,,
4274ab941f5d24a92e2cc002900f4f4c_1774217171,2026-03-22 22:06:11.019514,2.68,shopping_pos,"Mount Morris, NY",fraud_Pouros-Conroy,2269768987945882,,,
f918412f3173f94a461fa953c45b6d16_1774217170,2026-03-22 22:06:10.148274,174.17,grocery_pos,"Holstein, NE",fraud_Doyle Ltd,348789608637806,,,
7febc3909f65f3920a14662523f8d0ee_1774217169,2026-03-22 22:06:09.126011,122.87,grocery_pos,"Cowlesville, NY",fraud_Koepp-Parker,6592861994408652,,,
8ad661a1e94704b75d9d947a5cb0e3d8_1774217111,2026-03-22 22:05:11.321373,60.28,grocery_pos,"Lima, OH",fraud_Kunze Inc,3504178999463051,,,
b12d162b0691877c9c24bd51825b6708_1774217110,2026-03-22 22:05:10.413641,94.88,shopping_net,"Saxon, WI","fraud_Kihn, Abernathy and Douglas",180049032966888,,,
68378b810b8c29726ea7ed2db7a12d21_1774217109,2026-03-22 22:05:09.518951,59.64,health_fitness,"Burbank, OK",fraud_Erdman-Durgan,4715741951931168360,,,
daffd39b5e7741aaa4562a0ecbbfd163_1774217108,2026-03-22 22:05:08.556255,7.13,travel,"Tryon, OK",fraud_Tillman LLC,4917187576956394,,,
353616ca71e0dfcec018e19a328812fb_1774217107,2026-03-22 22:05:07.554675,35.23,misc_pos,"Bradley, SC",fraud_Eichmann-Russel,213112402583773,,,
c0d433f3a0c58722e8bb4b42605446bf_1774217075,2026-03-22 22:04:35.813086,40.65,gas_transport,"Surrency, GA","fraud_Jenkins, Hauck and Friesen",4509142395811241,,,
f3c76e0d70a1585416acdfe45ac40281_1774217068,2026-03-22 22:04:28.377769,45.54,entertainment,"Lake Jackson, TX",fraud_Schuppe LLC,3556613125071656,0.00015840404375921935,False,tabpfn-v2
3a843b6daa32650b230188eb13eb1c72_1774217060,2026-03-22 22:04:20.881010,34.78,shopping_pos,"Harrodsburg, IN","fraud_Goyette, Howell and Collier",4839615922685395,0.005878336261957884,False,tabpfn-v2
418dac93b76e0191d45488bc13f01164_1774217053,2026-03-22 22:04:13.427060,2.64,entertainment,"Huntsville, AL",fraud_Dibbert and Sons,3511378610369890,0.0002372893795836717,False,tabpfn-v2
2aed8752b1666ed072cbc597a2de7ecc_1774217045,2026-03-22 22:04:05.762646,3.45,personal_care,"Lake Jackson, TX",fraud_Marvin-Lind,3556613125071656,0.0029106694273650646,False,tabpfn-v2
c6af1a29e003d880d0386afb1253f4c2_1774217016,2026-03-22 22:03:36.640680,225.19,entertainment,"Cromona, KY",fraud_Heaney-Marquardt,4319584480204988982,0.012252246960997581,False,tabpfn-v2
c4f09b46bccb380a75de35e508856a94_1774217009,2026-03-22 22:03:29.064762,30.97,food_dining,"Paauilo, HI",fraud_Kilback LLC,4742883543039288059,0.00018676607578527182,False,tabpfn-v2
50309d5fc114af513ef54e8cc2fa466b_1774217000,2026-03-22 22:03:20.571979,2.61,travel,"Lawrence, MA",fraud_Little-Gleichner,5540636818935089,0.0014448455767706037,False,tabpfn-v2
39971692258e28864e9369b1a670aeee_1774216993,2026-03-22 22:03:13.092250,15.1,home,"Goodrich, MI",fraud_Ernser-Feest,372509258176510,0.0030742003582417965,False,tabpfn-v2
972b1bd9163f91749d6150bbacf905b7_1774216985,2026-03-22 22:03:05.441976,2.61,shopping_net,"Shields, ND",fraud_Lemke-Gutmann,3560797065840735,0.001201359205879271,False,tabpfn-v2
d01826d0282980a507ff75053ead6c9a_1774216954,2026-03-22 22:02:34.790151,43.69,misc_net,"Knowlesville, NY",fraud_Ruecker Group,3593399694467427,0.004035426303744316,False,tabpfn-v2
d416c4654a4819387a353a10c9977654_1774216947,2026-03-22 22:02:27.425991,34.11,home,"Redford, MO",fraud_Kutch-Wilderman,377026671291680,0.0013200766406953335,False,tabpfn-v2
e7c2cb492859e41876be8b02afe8524e_1774216940,2026-03-22 22:02:20.050571,81.19,grocery_pos,"Phoenix, AZ",fraud_Schamberger-O'Keefe,3501942333500073,0.0037998443003743887,False,tabpfn-v2
20d523b6388df2e796413979416e9fea_1774216932,2026-03-22 22:02:12.667208,12.88,health_fitness,"Parsonsfield, ME",fraud_Feil-Morar,2383461948823908,0.001899820752441883,False,tabpfn-v2
6184b1653778ba52ad4a2b2f02d3702f_1774216925,2026-03-22 22:02:05.133787,31.58,entertainment,"North Augusta, SC","fraud_Runolfsdottir, Mueller and Hand",60422928733,0.00013051713176537305,False,tabpfn-v2
10cf5ae5d4666d1f8f6c6654ba2252d3_1774216896,2026-03-22 22:01:36.908061,129.23,gas_transport,"Paauilo, HI",fraud_Kuvalis Ltd,4742883543039288059,0.007926033809781075,False,tabpfn-v2
63086f0cf6e03bd9f995302d99d19c9f_1774216889,2026-03-22 22:01:29.593082,214.97,grocery_pos,"Fort Myers, FL",fraud_Koepp-Witting,30044330818990,0.49365234375,False,tabpfn-v2
dbce2bb710db7bcf18acfad625be43c5_1774216881,2026-03-22 22:01:21.346730,119.52,grocery_pos,"Acworth, NH",fraud_Goodwin-Nitzsche,38199021865320,0.05856502056121826,False,tabpfn-v2
a3acd87d2921c1e24999e9aea8a009bd_1774216873,2026-03-22 22:01:13.791208,77.45,grocery_pos,"Blooming Grove, TX",fraud_Miller-Hauck,4452366298769043,0.001955028623342514,False,tabpfn-v2
5ed452e3192e5542d34f7de396ef80b8_1774216865,2026-03-22 22:01:05.671887,1.93,shopping_net,"Moro, IL","fraud_Towne, Greenholt and Koepp",2222001896600109,0.0009784679859876633,False,tabpfn-v2
f7b3dc03e54f8e229cc6428bfc54d0cc_1774216844,2026-03-22 22:00:44.314375,157.33,personal_care,"Holcomb, KS",fraud_Baumbach Ltd,30074693890476,0.0002674341085366905,False,tabpfn-v2
3e64ab9b86ea90e3f5351f5a74dac379_1774216836,2026-03-22 22:00:36.837210,174.8,personal_care,"Lakeland, FL",fraud_Baumbach Ltd,4503101193493052864,0.00032597113749943674,False,tabpfn-v2
987333cc7d9a286ef1f7ee2d04c15275_1774216829,2026-03-22 22:00:29.460253,2.51,shopping_pos,"Corona, CA",fraud_Jacobi and Sons,4220495028289516646,0.0009918061550706625,False,tabpfn-v2
d4fb9959ee210ae381ab1bdfa63bddcd_1774216822,2026-03-22 22:00:22.064554,45.85,entertainment,"Blackville, SC","fraud_Turcotte, McKenzie and Koss",4186530744674,0.0001227704924531281,False,tabpfn-v2
12636dac20c8412a13dd2978d8306113_1774216814,2026-03-22 22:00:14.282420,59.63,gas_transport,"Norman Park, GA",fraud_Huels-Nolan,371009169330125,0.0010499183554202318,False,tabpfn-v2
156ded071a110fece3dc4757e0de6f2c_1774216799,2026-03-22 21:59:59.846260,27.0,home,"Creedmoor, NC",fraud_Quitzon-Goyette,30197398657930,0.0009765625,False,tabpfn-v2
0467e3e9f8940f6f3e6082b255f7f7c5_1774216792,2026-03-22 21:59:52.483999,81.76,entertainment,"Bolivar, PA",fraud_Cruickshank-Mills,3586955669388457,9.315337229054421e-05,False,tabpfn-v2
cfbd5584f0511bcff6a3317a96978d9e_1774216785,2026-03-22 21:59:45.096228,101.74,health_fitness,"Allenhurst, NJ",fraud_Waters-Cruickshank,4018105808392773675,0.0003181875217705965,False,tabpfn-v2
0a25ddd2962a4707f4ba3c2098eb08d3_1774216777,2026-03-22 21:59:37.811040,9.62,shopping_pos,"Woodville, AL",fraud_Denesik and Sons,4476840372112,0.0008865201962180436,False,tabpfn-v2
2bfabd8e7a10b6fb177fc74957691187_1774216770,2026-03-22 21:59:30.215416,57.69,home,"Palmdale, CA",fraud_Altenwerth-Kilback,3530503964418806,0.0003345527220517397,False,tabpfn-v2
ade779bb41c8345ca78bbbfd8e7ecc40_1774216725,2026-03-22 21:58:45.293241,15.57,health_fitness,"Jefferson, NY",fraud_Feil-Morar,36721445180895,0.0008431606693193316,False,tabpfn-v2
37b96fe7c539f9ae9691b49329cd0108_1774216710,2026-03-22 21:58:30.965045,6.5,home,"Grenada, CA",fraud_Ernser-Feest,5559857416065248,0.0006888913922011852,False,tabpfn-v2
0c764ceab9a6b8c616f2dc62e767fe37_1774216696,2026-03-22 21:58:16.743800,53.99,gas_transport,"Surrency, GA",fraud_Marks Inc,4509142395811241,0.004844850394874811,False,tabpfn-v2
f4d25153b6b7d6a1dc601681f1cdbb8a_1774216682,2026-03-22 21:58:02.402376,20.85,grocery_net,"Ranier, MN",fraud_Dicki Ltd,372520049757633,0.013784738257527351,False,tabpfn-v2
82137cd4a330172daceab98f2fb36f7d_1774216668,2026-03-22 21:57:48.028218,7.04,shopping_pos,"Harborcreek, PA",fraud_Conroy Ltd,2348245054386329,0.0007850244292058051,False,tabpfn-v2
ce62b9bbefabb8e629160606c15381ab_1774216646,2026-03-22 21:57:26.880231,52.94,gas_transport,"Port Richey, FL",fraud_Conroy-Cruickshank,4897067971111209737,0.0022016093134880066,False,tabpfn-v2
4795307b86721f70840aad6f8e33dc2e_1774216629,2026-03-22 21:57:09.063039,66.64,gas_transport,"Owensville, MO",fraud_Cummings LLC,4335531783520911,0.006271841004490852,False,tabpfn-v2
f5d5d6d54431fdf889e285cc2b3cba4c_1774216626,2026-03-22 21:57:06.710086,305.87,misc_pos,"Newport, ME",fraud_Hermann-Gaylord,347612609554823,0.0010689700720831752,False,tabpfn-v2
4f9fb322eb301c6710630d9f486d0a15_1774216608,2026-03-22 21:56:48.678673,79.27,home,"Brooklin, ME","fraud_Bahringer, Bergnaum and Quitzon",6011934240159560,0.0002452725311741233,False,tabpfn-v2
84d101bb2ca5cc43cef7b234a3b4391b_1774216604,2026-03-22 21:56:44.572734,536.57,travel,"Irwinton, GA",fraud_Kessler Group,4935858973307492,0.0014200847363099456,False,tabpfn-v2
c4db2ddd1c901f62fe87dc3f3cd3ba0f_1774216583,2026-03-22 21:56:23.066512,63.52,gas_transport,"Belfast, NY","fraud_Connelly, Reichert and Fritsch",213124978348176,0.005298998672515154,False,tabpfn-v2
5d0eb8dbd6a8f11c20ca654d7325376e_1774216582,2026-03-22 21:56:22.994693,1.96,personal_care,"Espanola, NM",fraud_Emmerich-Rau,4536996888716062123,0.000677933800034225,False,tabpfn-v2
244055b4c58759726a578ef931423a77_1774216552,2026-03-22 21:55:52.535717,7.11,travel,"Tekoa, WA","fraud_Kunze, Larkin and Mayert",3500969075198072,0.0009098660666495562,False,tabpfn-v2
2e28e501ee8d5fde01de974aa9ac5a7b_1774216545,2026-03-22 21:55:45.725723,1.03,shopping_pos,"Brunson, SC",fraud_Lesch Ltd,3527536963490470,0.00031485178624279797,False,tabpfn-v2
42593de40069172e88b7ce2f718b22c3_1774216530,2026-03-22 21:55:30.525307,68.67,grocery_net,"Napa, CA",fraud_Shields Inc,676102124465,0.011824298650026321,False,tabpfn-v2
,,,,,,,,,